PLAYER,TEAM,AGE,GP,W,L,MIN,PTS,FGM,FGA,FG%,3PM,3PA,3P%,FTM,FTA,FT%,OREB,DREB,REB,AST,TOV,STL,BLK,PF,FP,DD2,TD3,+/-
Luka Doncic,DAL,22,7,3,4,40.1,35.7,13.7,28,49,4.4,10.9,40.8,3.9,7.3,52.9,0.6,7.3,7.9,10.3,4.6,1.3,0.4,2.4,61.1,4,1,1
Damian Lillard,POR,30,6,2,4,41.3,34.3,10.3,22.3,46.3,5.8,13,44.9,7.8,8.3,94,0.2,4.2,4.3,10.2,2.2,1,0.7,1.5,57.6,5,0,4.5
Kevin Durant,BKN,32,12,7,5,40.4,34.3,12.1,23.5,51.4,2.8,6.8,40.2,7.3,8.4,87.1,0.4,8.8,9.3,4.4,3.5,1.5,1.6,2.6,57.7,6,1,2.8
Donovan Mitchell,UTA,24,10,6,4,34.6,32.3,10.5,23.5,44.7,5,11.5,43.5,6.3,7.6,82.9,0.3,3.9,4.2,5.5,2.8,1.1,0.2,2,46.7,1,0,1.9
Jayson Tatum,BOS,23,5,1,4,36.9,30.6,9.4,22.2,42.3,2.8,7.2,38.9,9,9.8,91.8,0.6,5.2,5.8,4.6,2.6,1.2,1.6,3,50.3,0,0,-11.6
Kawhi Leonard,LAC,30,11,6,5,39.2,30.4,11.1,19.4,57.3,2.2,5.5,39.3,6,6.8,88,2,5.7,7.7,4.4,2.2,2.1,0.8,2.6,52.7,4,0,2.5
Ja Morant,MEM,21,5,1,4,40.5,30.2,11,22.6,48.7,2,6.2,32.3,6.2,8,77.5,1.4,3.4,4.8,8.2,3.4,0.4,0,1.8,46.1,2,0,-10
Giannis Antetokounmpo,MIL,26,21,14,7,38.1,30.2,11.9,20.9,56.9,0.6,3.3,18.6,5.8,9.8,58.7,2.8,10,12.8,5.1,3,1,1.2,2.9,56.8,18,1,6.2
Bradley Beal,WAS,28,5,1,4,39.1,30,11.2,24.6,45.5,1.4,6.4,21.9,6.2,7.2,86.1,1.2,5,6.2,4.2,4,0.8,0.6,1.2,43.9,1,0,-12.2
Nikola Jokic,DEN,26,10,4,6,34.5,29.8,11.6,22.8,50.9,2,5.3,37.7,4.6,5.5,83.6,3.7,7.9,11.6,5,2.4,0.6,0.9,2.3,53.3,6,1,-5.9
Trae Young,ATL,22,16,9,7,37.7,28.8,9.4,22.4,41.8,2.8,9,31.3,7.3,8.4,86.6,0.4,2.4,2.8,9.5,4,1.3,0,2.2,46.2,8,0,-0.4
Joel Embiid,PHI,27,11,6,5,32.4,28.1,9.2,17.9,51.3,1.5,3.7,39,8.3,9.9,83.5,1.5,9.1,10.5,3.4,3.8,1,1.5,3,49.3,5,0,11
Devin Booker,PHX,24,22,14,8,40.4,27.3,9.6,21.5,44.7,2,6.2,32.1,6,6.7,90.5,0.7,5,5.6,4.5,3.7,0.8,0.2,3.5,40.2,4,1,5.1
Paul George,LAC,31,19,10,9,40.9,26.9,8.7,19.7,44.1,2.7,8,33.6,6.8,8.1,84.4,0.9,8.7,9.6,5.4,3.5,1,0.5,3.1,47.6,10,0,3.8
Dillon Brooks,MEM,25,5,1,4,34.9,25.8,10,19.4,51.5,1.6,4,40,4.2,5.2,80.8,1,3.2,4.2,2.2,1.8,1.4,0.4,3.4,37.7,0,0,-1.2
Khris Middleton,MIL,29,23,16,7,40.1,23.6,8.6,19.7,43.8,2.6,7.6,34.3,3.7,4.2,88.7,1.1,6.5,7.6,5.1,3.2,1.5,0.2,2.5,42.2,7,0,5.2
LeBron James,LAL,36,6,2,4,37.3,23.3,9,19,47.4,3,8,37.5,2.3,3.8,60.9,1.2,6,7.2,8,4.2,1.5,0.3,1.2,45.3,2,0,1.7
Kyrie Irving,BKN,29,9,6,3,36.1,22.7,8.6,18.1,47.2,2.7,7.2,36.9,2.9,3.1,92.9,1.3,4.4,5.8,3.4,1.2,1,0.6,2.1,38.2,1,0,11.4
Tobias Harris,PHI,28,12,7,5,36.5,21.8,8.8,17.9,48.8,1.3,3.6,37.2,2.9,3.3,87.5,0.8,7.7,8.5,3.5,1.5,1,0.4,2.4,40,4,0,4.4
CJ McCollum,POR,29,6,2,4,39.9,20.7,8.3,19,43.9,2.3,7,33.3,1.7,2.2,76.9,1,5,6,4.3,2,0.3,0.7,4.2,35.4,0,0,-1.2
James Harden,BKN,31,9,6,3,35.7,20.2,5.7,12,47.2,2.7,7.3,36.4,6.2,6.9,90.3,0.8,5.6,6.3,8.6,2.9,1.7,0.7,2.6,44.8,3,1,6.1
Derrick Rose,NYK,32,5,1,4,35,19.4,8,16.8,47.6,1.6,3.4,47.1,1.8,1.8,100,0.8,3.2,4,5,1.6,0.4,0.2,1,31.9,0,0,-6.8
Chris Paul,PHX,36,20,12,8,34.2,19.2,7.5,15,49.7,1.5,3.3,44.6,2.9,3.3,87.7,0.5,3.1,3.5,8.6,2.2,1.2,0.2,2.4,38,4,0,3.1
Russell Westbrook,WAS,32,5,1,4,37.2,19,5.6,16.8,33.3,1,4,25,6.8,8.6,79.1,2.8,7.6,10.4,11.8,4.2,0.4,0.2,3.4,46.8,5,2,-12
Seth Curry,PHI,30,12,7,5,31.8,18.8,7.1,12.3,57.8,3.4,6.8,50.6,1.3,1.6,78.9,0.3,2,2.3,2.3,0.8,0.8,0.3,2.8,27.3,0,0,9.9
Bojan Bogdanovic,UTA,32,11,6,5,35.5,18.1,5.8,12.5,46.7,3.2,6.9,46.1,3.3,3.7,87.8,0.5,3.7,4.3,1.5,2.1,0.9,0,2.5,26,0,0,0.9
Julius Randle,NYK,26,5,1,4,36.1,18,5.6,18.8,29.8,2.2,6.6,33.3,4.6,5.4,85.2,2.2,9.4,11.6,4,4.6,0.6,0,3.6,35.1,5,0,-8.4
Marcus Smart,BOS,27,5,1,4,36.6,17.8,5.8,13.2,43.9,3.2,8.6,37.2,3,4.2,71.4,0.8,3.6,4.4,6,2.8,1,0.2,2.8,32.9,0,0,-9.2
Reggie Jackson,LAC,31,19,10,9,32.7,17.8,6.4,13.3,48.4,3.1,7.5,40.8,1.9,2.2,87.8,0.4,2.8,3.2,3.4,1.5,0.9,0.2,2.6,28.6,1,0,5.6
Jordan Clarkson,UTA,29,11,6,5,27.1,17.5,6.1,15,40.6,3.1,8.8,35.1,2.3,2.4,96.2,0.5,2.5,3.1,1.5,2.1,0.6,0.3,1.4,24.2,0,0,-4.6
Anthony Davis,LAL,28,5,2,3,28.8,17.4,5,12.4,40.3,0.4,2.2,18.2,7,8.4,83.3,1.4,5.2,6.6,2.6,1.2,0.6,1.6,1.8,34.6,2,0,-3.2
Michael Porter Jr.,DEN,23,10,4,6,33.2,17.4,6.4,13.5,47.4,2.9,7.3,39.7,1.7,2.1,81,1.2,5,6.2,1.3,1.6,1.1,0.3,3.1,29.4,1,0,-3.2
Jrue Holiday,MIL,31,23,16,7,39.6,17.3,6.9,16.9,40.6,1.9,6.2,30.3,1.7,2.4,71.4,1.4,4.3,5.7,8.7,2.4,1.7,0.4,2.1,41,7,0,7
Norman Powell,POR,28,6,2,4,36,17,6.3,12.7,50,1.7,4.3,38.5,2.7,3,88.9,0.5,1.7,2.2,2,1.2,0.8,1,2.8,26.9,0,0,1.3
Tim Hardaway Jr.,DAL,29,7,3,4,37.4,17,6,14.4,41.6,3.3,8.1,40.4,1.7,2.3,75,0.7,2.6,3.3,1.4,0.9,0.4,0,2.4,23.5,0,0,-0.3
Will Barton,DEN,30,3,0,3,27.7,16.3,6.3,14.3,44.2,2.3,7,33.3,1.3,1.3,100,0.3,4,4.3,2.7,1.3,0.7,0.3,1.3,27.2,0,0,0
Goran Dragic,MIA,35,4,0,4,29.2,16,5.8,13.5,42.6,2.3,6.5,34.6,2.3,3,75,0.3,1.5,1.8,2.8,1.5,1,0.5,2.8,25.2,0,0,-8.5
Deandre Ayton,PHX,22,22,14,8,36.4,15.8,7,10.6,65.8,0,0,0,1.8,2.4,73.6,3,8.8,11.8,1.1,1.3,0.8,1.1,2.9,36.1,14,0,3.7
Bam Adebayo,MIA,23,4,0,4,34,15.5,6.5,14.3,45.6,0,0,0,2.5,3.3,76.9,3.5,5.8,9.3,4.3,2.8,1.3,0.5,2.8,35.5,1,0,-11.8
Evan Fournier,BOS,28,5,1,4,33.3,15.4,5.4,12.6,42.9,2.6,6,43.3,2,2.4,83.3,1,2.6,3.6,1.4,1,1.2,0,4,24.4,0,0,-9.2
Mike Conley,UTA,33,6,4,2,29.3,15.3,4.8,11.3,42.6,3,6.2,48.6,2.7,2.7,100,0.5,3,3.5,7.7,2.3,0.2,0.5,2.5,30.7,2,0,7.2
Jonas Valanciunas,MEM,29,5,1,4,33.1,15,6.6,11.6,56.9,0.4,1.6,25,1.4,1.6,87.5,4,5.8,9.8,2.6,2,0.6,0.6,3.6,32.3,3,0,-5.8
Rui Hachimura,WAS,23,5,1,4,34.6,14.8,5.8,9.4,61.7,1.8,3,60,1.4,2.4,58.3,1,6.2,7.2,1,1,0.4,0.2,3.6,25.7,1,0,-11.4
Rudy Gobert,UTA,29,11,6,5,34.2,14.7,5.5,7.4,74.1,0,0.1,0,3.8,6,63.6,3.9,8.4,12.3,0.8,1.5,0.5,2.1,4.2,37,9,0,3
Jimmy Butler,MIA,31,4,0,4,38.5,14.5,4.8,16,29.7,1,3.8,26.7,4,5.5,72.7,1.5,6,7.5,7,2.3,1.3,0.3,1.5,36.3,2,1,-21.5
RJ Barrett,NYK,21,5,1,4,32.3,14.4,5.2,13.4,38.8,1.6,5.6,28.6,2.4,3,80,0.8,6.4,7.2,3,0.4,0.8,0.4,2.2,30.7,1,0,-7.4
Dennis Schroder,LAL,27,6,2,4,32.7,14.3,4.7,11.7,40,1.3,4.3,30.8,3.7,4.3,84.6,0.2,2.8,3,2.8,1.7,1,0.2,2.2,24,0,0,-3.3
Bogdan Bogdanovic,ATL,28,18,10,8,33.2,14.1,5.4,13.8,39,2.6,7.9,32.9,0.7,0.9,70.6,0.6,3.6,4.2,2.9,1.5,1.6,0.3,2.8,27.6,0,0,1.8
Alec Burks,NYK,29,5,1,4,25.6,14,4.8,11.2,42.9,1.6,4.8,33.3,2.8,3.8,73.7,1,4,5,2.6,0.8,0.2,0,2.2,23.7,0,0,1.8
John Collins,ATL,23,18,10,8,32,13.9,5.6,10.1,54.9,1.1,3.1,35.7,1.7,2,83.3,2,6.7,8.7,0.9,1.3,0.4,0.6,3.3,27.6,5,0,0.8
Monte Morris,DEN,26,10,4,6,28.6,13.7,5,11.6,43.1,1.6,4,40,2.1,2.9,72.4,0.7,1.7,2.4,5.5,0.7,1,0.2,1.2,27.7,0,0,-3.3
Jaren Jackson Jr.,MEM,21,5,1,4,27.5,13.6,4.6,10.8,42.6,1.6,5.6,28.6,2.8,3.2,87.5,1.8,3.8,5.6,1,0.8,1,1.2,4.2,27.6,0,0,-7.6
Jusuf Nurkic,POR,26,6,2,4,28.9,13.2,5,9.2,54.5,0.2,0.8,20,3,4.2,72,3,7.3,10.3,2.7,2.3,0.5,1.2,5,32.2,3,0,7.5
Kristaps Porzingis,DAL,25,7,3,4,33.3,13.1,4.9,10.3,47.2,1.1,3.9,29.6,2.3,2.7,84.2,1,4.4,5.4,1.3,0.4,1.3,0.7,2.7,27.2,1,0,-1.1
Brook Lopez,MIL,33,23,16,7,29,13,5.2,9.4,54.8,1,3.1,31.9,1.6,1.9,86,2.1,3.8,5.9,0.3,1.1,0.7,1.5,2.1,26,0,0,2.9
Danilo Gallinari,ATL,32,18,10,8,24.6,12.8,4.1,9.7,42.5,1.9,4.7,40.5,2.7,2.9,94.2,0.4,3.4,3.9,0.8,0.8,0.3,0.2,2.6,19.3,0,0,-1.4
Cam Reddish,ATL,21,4,1,3,23,12.8,4.8,9,52.8,2.3,3.5,64.3,1,1.3,80,0.3,3.3,3.5,1.8,1.3,1.5,0.5,2.8,24.3,0,0,-0.3
Kemba Walker,OKC,31,3,1,2,30.3,12.7,4.3,13.7,31.7,1,5.7,17.6,3,3.3,90,0,4,4,4,2.7,0.3,0,3.3,21.8,0,0,-18
Carmelo Anthony,POR,37,6,2,4,23.9,12.3,4.2,10,41.7,2.3,6.2,37.8,1.7,1.8,90.9,0.3,2.8,3.2,1.5,1.2,0.3,0.2,2.5,18.7,0,0,-8
Marcus Morris Sr.,LAC,31,19,10,9,31.8,12.2,4.5,10.5,43,1.9,5.1,37.5,1.3,1.7,75,0.7,3.6,4.3,1.5,0.4,0.5,0.5,2.6,22.3,0,0,-0.6
Ben Simmons,PHI,24,12,7,5,33.5,11.9,4.9,7.9,62.1,0,0.1,0,2.1,6.1,34.2,2.1,5.8,7.9,8.8,2.3,1.3,0.8,3.3,38.7,5,1,9.4
Daniel Gafford,WAS,22,5,1,4,23.4,11.8,4.4,5.2,84.6,0,0,0,3,4.8,62.5,2.8,3,5.8,0.6,0.6,1,2,3.4,28.1,0,0,1.4
Boban Marjanovic,DAL,32,4,1,3,20.8,11.8,5,9.8,51.3,0,0,0,1.8,2.3,77.8,3.5,4.5,8,1,1,0,0.3,3.3,22.6,1,0,-0.5
Royce O'Neale,UTA,28,11,6,5,36.7,11.3,3.9,7.7,50.6,2.5,5.5,46.7,0.9,1.1,83.3,1.5,5.8,7.3,2.1,0.7,1.1,0.3,3.7,26.5,1,0,-0.5
Joe Harris,BKN,29,12,7,5,36.2,11.2,4.1,10.3,39.8,2.8,6.8,40.2,0.3,0.3,75,0.4,3.2,3.6,1.6,0.8,0.3,0.2,2.8,18.6,0,0,4.2
Aaron Gordon,DEN,25,10,4,6,29.9,11.1,4.3,9.9,43.4,0.9,2.3,39.1,1.6,2.5,64,2.1,3.3,5.4,2,1.4,0.5,0.3,2.3,21.6,1,0,-5.1
Mikal Bridges,PHX,24,22,14,8,32.1,11.1,4.2,8.6,48.4,1.6,4.3,36.8,1.1,1.3,89.3,0.9,3.4,4.3,1.6,0.7,1,0.7,1.9,23,0,0,2.8
Kevin Huerter,ATL,22,18,10,8,31,11.1,4.3,10,42.8,1.8,5.3,34.7,0.7,0.9,70.6,0.6,3.2,3.8,2.8,1.1,0.8,0.9,2.7,23.9,1,0,-2.6
De'Andre Hunter,ATL,23,5,4,1,30.3,10.8,3.6,9,40,1.2,3.2,37.5,2.4,3.2,75,0.4,3.6,4,0.6,1.4,0.2,0.6,2.2,17.5,0,0,6.8
Jae Crowder,PHX,30,22,14,8,33.1,10.8,3.5,8.4,41.3,2.5,6.5,38,1.4,1.6,88.6,0.5,5.6,6.1,1.9,0.9,0.9,0.8,3,25.1,2,0,5.2
Tristan Thompson,BOS,30,5,1,4,26.4,10.4,4,6.8,58.8,0,0,0,2.4,3.4,70.6,5.8,4,9.8,1,1,0.8,1.2,2.4,28.7,2,0,-17.4
Dorian Finney-Smith,DAL,28,7,3,4,38.7,10.3,3.7,9.1,40.6,2.3,5.3,43.2,0.6,0.7,80,2.4,4.1,6.6,2.1,1.7,1.1,0.3,3.3,24,1,0,3.7
Duncan Robinson,MIA,27,4,0,4,24.9,10.3,2.8,7.3,37.9,2.5,6.8,37,2.3,2.5,90,0,2.8,2.8,0.8,1,0.8,0,3.3,15.9,0,0,-8.5
Kendrick Nunn,MIA,25,4,0,4,23.3,10.3,4.3,10.8,39.5,1.3,4.5,27.8,0.5,0.5,100,0,1.5,1.5,1.5,0.8,0.5,0,1,15.1,0,0,-10.3
Joe Ingles,UTA,33,11,6,5,27.8,10.2,3.5,7.2,49.4,2.2,5.3,41.4,0.9,1.2,76.9,0.1,3,3.1,3.5,0.8,0.6,0,1.7,20.2,0,0,-0.2
Clint Capela,ATL,27,18,10,8,31.6,10.1,4.6,7.6,60.3,0,0,0,0.9,2.2,43.6,3.4,7.8,11.2,0.9,1,0.7,1.1,2.6,29,7,0,0.1
Robert Covington,POR,30,6,2,4,38,9.3,3,6,50,1.8,3.7,50,1.5,1.7,90,1.5,6.3,7.8,1.2,1.3,1.5,1,3.3,26.7,2,0,4.7
Cameron Payne,PHX,26,22,14,8,19,9.3,3.7,8.8,42.5,1.1,3.1,36.2,0.7,0.8,88.9,0.3,2.2,2.5,3.2,1.1,0.8,0.5,1.8,19.8,0,0,2.1
Facundo Campazzo,DEN,30,10,4,6,27,9.3,2.9,7.4,39.2,1.9,4.8,39.6,1.6,1.9,84.2,0.7,2.3,3,4.1,1.5,1.4,0.4,3.5,23,0,0,-4.7
Davis Bertans,WAS,28,4,1,3,26.5,9.3,2.8,6.8,40.7,2,5.8,34.8,1.8,1.8,100,0,2.8,2.8,0.3,0.3,0.3,0.5,3,14.9,0,0,-8.5
Tyler Herro,MIA,21,4,0,4,23.2,9.3,3,9.5,31.6,1.5,4.8,31.6,1.8,1.8,100,0.3,3,3.3,1.8,0.8,0.3,0.3,0.5,16.5,0,0,-9
Austin Rivers,DEN,28,10,4,6,30.5,9.2,3,6.9,43.5,1.9,4.6,41.3,1.3,1.6,81.3,0.1,1.6,1.7,2.1,0.9,0.2,0.3,3.2,15,0,0,-7.4
Andre Drummond,LAL,27,5,2,3,21,9,3.8,6.4,59.4,0,0,0,1.4,2,70,3.8,7.2,11,0,2.2,0.8,0.6,2.4,24.2,1,0,-0.8
Blake Griffin,BKN,32,12,7,5,26.5,9,3.5,6.6,53.2,1.2,3,38.9,0.8,1.2,71.4,1.3,4.7,5.9,1.8,0.4,0.8,0.5,3.3,22.3,2,0,2.8
Nemanja Bjelica,MIA,33,2,0,2,15.1,9,2.5,5.5,45.5,2,4,50,2,3,66.7,0.5,2,2.5,1,0,1,0.5,2.5,18,0,0,-10
Romeo Langford,BOS,21,4,1,3,27.2,9,3.3,8,40.6,1.5,4.3,35.3,1,1,100,1.3,1.3,2.5,1.3,0.3,0.8,0.5,0.5,17.4,0,0,-0.5
Bobby Portis,MIL,26,20,14,6,18.3,8.8,3.5,7.6,46.4,0.9,2.6,34.6,0.9,1.3,72,1.7,3.4,5,0.6,0.5,0.7,0.4,1.6,18.4,0,0,3.5
Reggie Bullock,NYK,30,5,1,4,32.5,8.8,3,7.8,38.5,2,5.8,34.5,0.8,1,80,1,2.4,3.4,1.2,0.8,0.6,0.2,2.2,16.3,0,0,-7
Jabari Parker,BOS,26,4,0,4,14.8,8.5,3.3,5.3,61.9,0.5,1.3,40,1.5,2,75,0.5,3.3,3.8,0.5,1.5,0,0.8,1.8,14.5,0,0,4
Kyle Anderson,MEM,27,5,1,4,28.4,8.4,3.6,8.4,42.9,0.6,2.4,25,0.6,0.8,75,0.8,4.2,5,3.2,0.8,2.8,0,1.8,26.8,1,0,-3.8
Cameron Johnson,PHX,25,21,13,8,21.1,8.2,2.6,5.2,50,1.6,3.5,44.6,1.4,1.5,90.6,0.8,2.4,3.1,0.8,0.7,0.9,0.2,1.3,15.7,0,0,-0.6
Jeff Green,BKN,34,6,3,3,24.7,8.2,2.7,5.5,48.5,1.7,3,55.6,1.2,1.3,87.5,0.7,2.2,2.8,1.7,0.5,0.5,0.3,2.3,16.1,0,0,2.7
Nicolas Batum,LAC,32,19,10,9,29.2,8.1,2.8,5.7,48.6,1.5,3.8,38.9,1,1.2,82.6,1,4.5,5.5,2.1,0.3,1.3,0.5,1.4,22.8,0,0,7.1
Jalen Brunson,DAL,24,7,3,4,16.3,8,2.9,6.3,45.5,0.9,1.9,46.2,1.4,1.9,76.9,0.9,1.7,2.6,1.4,0.6,0,0,0.9,12.7,0,0,-8
Bruce Brown,BKN,24,12,7,5,23.1,7.9,3.3,6.6,50.6,0.2,0.9,18.2,1.1,1.3,81.3,1.9,3.2,5.1,2.1,0.9,0.7,0.4,2.6,19.5,1,0,1
Lou Williams,ATL,34,18,10,8,15.4,7.7,2.8,6.1,45.5,0.7,1.7,43.3,1.4,1.5,96.3,0.1,1.3,1.4,2.2,1.2,0.7,0.1,0.9,13.7,0,0,-1.1
Terance Mann,LAC,24,19,10,9,19.9,7.6,2.8,5.5,51.9,0.8,1.9,43.2,1.1,1.5,71.4,0.9,1.8,2.7,0.7,0.2,0.5,0.3,2.2,14.1,0,0,5.4
DeMarcus Cousins,LAC,30,7,1,6,8.3,7.6,2.7,6,45.2,0.6,1.4,40,1.6,2,78.6,0.9,1.1,2,0.7,0.7,0.3,0.4,1.9,12.5,0,0,-2.6
Robin Lopez,WAS,33,5,1,4,14.6,7.4,3.6,5,72,0,0,0,0.2,0.8,25,0.8,1,1.8,0,0.2,0,0.8,1.4,11.8,0,0,-6.4
Danny Green,PHI,34,8,6,2,24.8,7,2.6,6,43.8,1.8,4.6,37.8,0,0,0,1.1,1.5,2.6,2.6,0.6,1.1,1,1.6,19.8,0,0,9.9
Furkan Korkmaz,PHI,23,12,7,5,16.2,7,2.5,6.1,41.1,1.2,3.7,31.8,0.8,1.2,71.4,0.3,1.7,2,0.6,0.4,0.6,0.3,0.8,12.4,0,0,3.3
Pat Connaughton,MIL,28,23,16,7,23.7,6.9,2.4,5.2,46.2,1.6,4.1,38.9,0.5,0.6,84.6,1.3,3.1,4.4,0.9,0.5,0.4,0.3,1.7,15,0,0,1.8
Ish Smith,WAS,32,5,1,4,22.3,6.8,3.2,8.6,37.2,0.4,1.4,28.6,0,0,0,0.2,3,3.2,2.8,1,1.4,0.4,2.2,19.2,0,0,-1.6
Bryn Forbes,MIL,27,20,13,7,13.7,6.6,2.3,5.6,41.1,1.7,4.5,37.1,0.3,0.4,75,0.1,1.3,1.4,0.3,0.4,0.1,0.1,0.8,8.9,0,0,-0.1
Anfernee Simons,POR,22,6,2,4,17.9,6.5,2.3,4.2,56,1.8,3,61.1,0,0,0,0.5,2.2,2.7,0.8,0.2,0.3,0.2,1,12.3,0,0,-7.3
Talen Horton-Tucker,LAL,20,4,1,3,12.1,6.5,2.8,6,45.8,0.3,1.3,20,0.8,1.3,60,0.5,3,3.5,0.5,0.8,0.3,0,0.8,11.5,1,0,-3.5
Paul Millsap,DEN,36,9,4,5,12.1,6.4,2.4,5.6,44,0.7,2.6,26.1,0.9,1.4,61.5,1,2.9,3.9,1.7,0.9,0.3,0.7,1.6,15.7,0,0,-1
Grayson Allen,MEM,25,5,1,4,23.1,6.4,2.4,6.6,36.4,1.6,4.2,38.1,0,0.2,0,0.6,2,2.6,0.2,0.2,0.4,0.2,2.6,11.4,0,0,-11
Obi Toppin,NYK,23,5,1,4,13.1,6.4,2.4,4.6,52.2,0.6,1.8,33.3,1,1.2,83.3,0.8,1.8,2.6,0.4,0.6,0,0.2,1.2,10.1,0,0,0.8
Raul Neto,WAS,29,5,1,4,22.5,6.4,2.4,6.8,35.3,0.8,3,26.7,0.8,1,80,0.6,1.6,2.2,1,0.2,0.4,0,2.2,11.5,0,0,-5.6
Kyle Kuzma,LAL,25,6,2,4,21.6,6.3,2.3,8,29.2,0.7,3.8,17.4,1,1.5,66.7,0.7,3.2,3.8,1.2,1,0.3,0.2,1.3,13.2,0,0,-2.5
Robert Williams III,BOS,23,3,1,2,15.2,6.3,3,4.7,64.3,0,0,0,0.3,0.7,50,2.7,2.3,5,0.7,0.3,0.3,3,2.3,23,0,0,4.7
Tyrese Maxey,PHI,20,12,7,5,13,6.3,2.4,5.5,43.9,0.3,1,33.3,1.2,1.8,63.6,0.1,1.8,1.8,1.3,0.4,0.3,0.5,1.3,12.4,0,0,0.9
Ivica Zubac,LAC,24,17,9,8,17.7,6.3,2,3.4,59.6,0,0,0,2.3,2.9,79.6,2.5,3.3,5.8,0.4,0.9,0.1,0.7,1.9,15.4,3,0,-0.9
Dewayne Dedmon,MIA,31,4,0,4,14.3,6.3,2.5,4.5,55.6,0.3,0.8,33.3,1,1.3,80,2,2.5,4.5,0.8,1.5,0,0.5,2.5,12.8,0,0,-9.3
De'Anthony Melton,MEM,23,5,1,4,16.7,6.2,2.2,6.2,35.5,1.2,4,30,0.6,1,60,0.8,2.4,3.2,1,0.6,0.2,0.8,1.4,13.9,0,0,-2.2
Kentavious Caldwell-Pope,LAL,28,5,2,3,29.1,6.2,2.2,5.8,37.9,0.8,3.8,21.1,1,1,100,0.4,2.4,2.8,1,0.4,1,0,3,13.7,0,0,-0.6
Alex Caruso,LAL,27,6,2,4,20.1,5.8,2.3,6.3,36.8,0.8,2.8,29.4,0.3,0.3,100,0.3,1,1.3,0.5,1.2,0.2,0.7,2,9.5,0,0,-3.3
Immanuel Quickley,NYK,22,5,1,4,15.4,5.8,2,6.6,30.3,0.8,2.2,36.4,1,1.4,71.4,0,1.4,1.4,1,1.2,0.6,0,1.6,9.6,0,0,0
Montrezl Harrell,LAL,27,4,0,4,9.8,5.8,2,3.5,57.1,0,0,0,1.8,2.3,77.8,1.3,1.3,2.5,0,0.5,0.5,0,0.8,9.8,0,0,-3.3
Desmond Bane,MEM,23,5,1,4,19.8,5.6,2.2,3.8,57.9,1.2,2.4,50,0,0,0,0.4,3,3.4,2,0.6,0.8,0.4,1.2,15.7,0,0,-4.4
Luke Kennard,LAC,25,15,9,6,14.6,5.6,2.1,4.3,47.7,1.4,3.4,41.2,0.1,0.1,50,0.3,0.6,0.9,0.5,0.2,0.1,0,1,7.6,0,0,1.2
Wesley Matthews,LAL,34,6,2,4,18.4,5.5,1.7,5.5,30.3,1.2,4.2,28,1,1,100,0.8,0.8,1.7,0.3,0,0.3,0,2.2,9,0,0,-6
JaMychal Green,DEN,31,10,4,6,19,5.4,2,4.5,44.4,0.6,2,30,0.8,0.9,88.9,1.7,3.5,5.2,1.1,0.3,0.2,0.2,1.2,14.2,1,0,0
Maxi Kleber,DAL,29,7,3,4,26.8,5.3,1.7,4.3,40,1.1,2.9,40,0.7,1,71.4,0.7,2.9,3.6,1.4,0.1,0.4,0,2.7,12.9,0,0,-4.9
Matisse Thybulle,PHI,24,12,7,5,18.3,5.3,2.1,4.3,48.1,0.9,2.8,32.4,0.2,0.4,40,0.3,1.1,1.4,0.3,0.2,1.3,0.9,2.4,13.9,0,0,-3.6
Marc Gasol,LAL,36,5,2,3,17.5,5.2,1.6,2.6,61.5,1.4,2.2,63.6,0.6,0.8,75,0.8,3,3.8,3,0.8,0.8,0.8,3.2,18.3,0,0,-6.2
Serge Ibaka,LAC,31,2,0,2,9.2,5,1.5,3,50,0,1,0,2,2,100,0.5,1.5,2,1,0.5,0.5,1.5,0.5,14.4,0,0,8.5
Taj Gibson,NYK,36,5,1,4,27.6,5,2.4,4,60,0,0,0,0.2,0.2,100,3.2,3.8,7,0.8,0.6,1.6,1,2.6,21.8,0,0,-1.4
Patrick Beverley,LAC,32,17,8,9,19,4.9,1.7,4,42.6,0.8,2.2,35.1,0.7,0.8,85.7,0.6,1.8,2.4,1.4,0.2,0.7,0.7,2.1,13.9,0,0,-0.1
Josh Richardson,DAL,27,7,3,4,13.4,4.9,1.6,4,39.3,0.4,1.4,30,1.3,1.3,100,0.4,1.1,1.6,0.7,0.9,0.3,0,1.1,7.8,0,0,-8.3
Trevor Ariza,MIA,36,4,0,4,24,4.8,1.8,5.8,30.4,1.3,4.3,29.4,0,0,0,0.5,5.3,5.8,0.5,0.8,0.8,0.3,2.8,14.7,0,0,-12.3
Dwight Howard,PHI,35,12,7,5,12.4,4.7,1.3,2.5,53.3,0,0.1,0,2,3.3,60,2.2,4.1,6.3,0.7,1,0.2,0.5,2.6,14.2,0,0,-2.8
George Hill,PHI,35,12,7,5,17.1,4.7,1.6,3.6,44.2,0.7,1.6,42.1,0.8,1.1,76.9,0.4,0.9,1.3,1.5,0.8,0.7,0.3,1.5,10.4,0,0,0.5
Markus Howard,DEN,22,9,4,5,12.4,4.7,1.7,4.1,40.5,1.2,2.9,42.3,0.1,0.2,50,0.1,0.7,0.8,0.4,0,0,0.1,1.1,6.6,0,0,0.1
Nerlens Noel,NYK,27,5,1,4,18.4,4.6,1,2,50,0,0,0,2.6,3.2,81.3,2,2,4,0.2,0.8,0.8,0.6,3,13.1,0,0,-6.8
Dario Saric,PHX,27,14,11,3,10.5,4.5,1.5,3.2,46.7,0.6,1.3,44.4,0.9,1,92.9,0.6,1.9,2.5,1,0.4,0.1,0.1,1.5,9.2,0,0,2.7
Shake Milton,PHI,24,12,7,5,10.1,4.3,1.3,3.9,31.9,0.7,1.6,42.1,1.2,1.3,93.3,0,0.8,0.8,0.8,0.9,0.3,0.1,1.5,6.4,0,0,-1.3
P.J. Tucker,MIL,36,23,16,7,29.6,4.3,1.7,4.3,38.8,0.8,2.6,32.2,0.1,0.2,75,2.1,2.7,4.8,1.1,0.4,1,0.1,3.3,14.5,0,0,4.1
Rajon Rondo,LAC,35,13,7,6,16.9,4.2,1.4,4.1,34,0.8,2.2,39.3,0.6,0.9,66.7,0.3,2.3,2.6,3.8,1.1,0.4,0.2,1.4,13.9,0,0,-2.1
Landry Shamet,BKN,24,12,7,5,17.2,4.2,1.5,3.4,43.9,0.8,2.2,38.5,0.3,0.4,80,0.3,1.5,1.8,0.6,0.5,0.4,0.1,1.6,8.1,0,0,0.6
Alex Len,WAS,28,5,1,4,8.4,4,1.6,2.8,57.1,0,0,0,0.8,1.4,57.1,0.8,1.4,2.2,0.4,0.2,0.2,0,1.6,7.6,0,0,-8.2
Ersan Ilyasova,UTA,34,1,0,1,3.4,4,1,2,50,0,1,0,2,2,100,0,0,0,0,0,0,0,0,4,0,0,-4
Torrey Craig,PHX,30,22,14,8,12.1,4,1.5,3.4,42.7,0.7,1.7,40.5,0.4,0.6,61.5,0.9,2,2.9,0.4,0.5,0,0.4,1.5,8.8,0,0,1
Andre Iguodala,MIA,37,4,0,4,17.8,3.8,1.5,2.8,54.5,0.8,1.8,42.9,0,0,0,0.8,2.3,3,1.3,1.3,1,0.5,2,12.5,0,0,-6.5
Mike James,BKN,30,9,6,3,11.4,3.7,1.6,4.8,32.6,0.6,1.8,31.3,0,0,0,0.2,1.6,1.8,1.3,0.3,0.2,0,0.7,8.1,0,0,2.3
Grant Williams,BOS,22,5,1,4,11.4,3.4,1.2,2.4,50,0.4,0.8,50,0.6,0.6,100,0.6,1.4,2,0.8,0.2,0.2,0.8,1.4,9.8,0,0,1
Payton Pritchard,BOS,23,5,1,4,13.5,3.4,1.2,3.4,35.3,0.6,2,30,0.4,0.4,100,0.4,1.4,1.8,2.4,0.6,0.4,0,0.8,9.8,0,0,-2.6
Derrick Favors,UTA,29,11,6,5,13.1,3.4,1.5,2.1,69.6,0,0,0,0.5,0.8,55.6,1.7,2.5,4.2,0.3,0.5,0.2,0.9,2.3,11.5,1,0,-3.5
Aaron Nesmith,BOS,21,5,1,4,15,3.2,1,3.6,27.8,0.8,2.8,28.6,0.4,0.4,100,0.4,2.2,2.6,0.2,0.4,0.2,0.2,1.4,7.4,0,0,-1.6
Reggie Perry,BKN,21,5,3,2,4.4,3.2,1.4,2.6,53.8,0.4,1,40,0,0,0,0.8,0.4,1.2,0.2,0.6,0.2,0,0.8,4.9,0,0,1.8
Georges Niang,UTA,28,11,6,5,11.7,3.2,1,3.5,28.2,0.8,2.7,30,0.4,0.4,100,0.2,1.5,1.7,0.7,0.7,0,0.1,1.7,5.9,0,0,-0.5
Chandler Hutchison,WAS,25,2,0,2,9.1,3,1,2.5,40,0,0,0,1,1,100,0,1.5,1.5,0.5,0.5,0,0,0.5,5.1,0,0,-7.5
Jordan Nwora,MIL,22,5,4,1,6.2,3,0.8,3.6,22.2,0.4,1.6,25,1,1.4,71.4,1,0.8,1.8,0.2,0.2,0,0.2,0.2,5.9,0,0,0.2
Tyus Jones,MEM,25,5,1,4,9.3,3,1.2,3.4,35.3,0.2,0.8,25,0.4,0.4,100,0.2,1.2,1.4,1.2,0,0.2,0,0.2,7.1,0,0,3.6
Dwight Powell,DAL,29,7,3,4,7.5,2.7,1,1.1,87.5,0,0,0,0.7,0.9,83.3,0.7,1.1,1.9,0.9,0.1,0.3,0,1.1,6.9,0,0,1.4
Donte DiVincenzo,MIL,24,3,3,0,23.3,2.7,1,5.3,18.8,0.7,4,16.7,0,0,0,0.7,5.7,6.3,2.7,2,1,0.3,1.3,16.3,0,0,4
Onyeka Okongwu,ATL,20,18,10,8,9.2,2.7,0.9,1.7,54.8,0,0.1,0,0.8,1.2,66.7,1.2,1.5,2.7,0.1,0.2,0.3,0.7,1.6,8.8,0,0,-1.3
Carsen Edwards,BOS,23,2,0,2,2.7,2.5,1,1.5,66.7,0.5,1,50,0,0,0,0,0.5,0.5,0,0,0,0,0,3.1,0,0,0.5
Nicolas Claxton,BKN,22,12,7,5,10.8,2.5,1.2,2.4,48.3,0,0,0,0.2,0.3,66.7,1.2,1.6,2.8,0.6,0.3,0.3,1,1.7,10.3,0,0,0.9
Willie Cauley-Stein,DAL,27,6,3,3,10.5,2.5,1,1.5,66.7,0,0,0,0.5,0.5,100,0.5,2.2,2.7,0.5,0.5,0.3,0.7,1.3,9,0,0,-4.5
E'Twaun Moore,PHX,32,7,6,1,6.6,2.4,1.1,2.6,44.4,0.1,0.7,20,0,0,0,0,1.4,1.4,1.3,0.4,0.1,0,0.4,6.1,0,0,0.6
Zeke Nnaji,DEN,20,5,1,4,3.5,2.4,0.8,1.6,50,0.6,1.4,42.9,0.2,0.4,50,0.2,0.2,0.4,0.4,0,0.2,0,0.2,4.1,0,0,1.8
Precious Achiuwa,MIA,21,3,0,3,4.1,2.3,1,1.3,75,0,0,0,0.3,1.3,25,0,2,2,0,1.3,0,0.7,0.3,5.4,0,0,0
Markieff Morris,LAL,31,4,1,3,9.5,2.3,0.5,2.3,22.2,0.3,1,25,1,1.5,66.7,1,0,1,0.8,0.5,0,0.3,1.5,4.8,0,0,-5.3
Frank Kaminsky,PHX,28,10,7,3,6.8,2.2,1,2.2,45.5,0.1,0.5,20,0.1,0.1,100,0.2,1.2,1.4,1.4,0.4,0.2,0.3,0.9,7.1,0,0,-0.9
Vlatko Cancar,DEN,24,5,1,4,4.2,2.2,0.6,0.6,100,0.2,0.2,100,0.8,1,80,0,0.6,0.6,0.2,0.2,0.2,0.2,0,4.2,0,0,2
Tyler Johnson,BKN,29,8,5,3,8.6,2.1,0.8,2.1,35.3,0.4,1.4,27.3,0.3,0.3,100,0.3,0.5,0.8,0.6,0.1,0.3,0,1.1,4.6,0,0,-0.3
Cassius Winston,WAS,23,1,0,1,5.5,2,1,3,33.3,0,1,0,0,0,0,1,1,2,1,2,0,0,1,3.9,0,0,-2
Derrick Jones Jr.,POR,24,2,1,1,5.2,2,1,2.5,40,0,1,0,0,0,0,0,0,0,0,0,0.5,0,1,3.5,0,0,2.5
Enes Kanter,POR,29,5,2,3,11.2,2,0.8,1.6,50,0,0,0,0.4,0.4,100,1.2,1.4,2.6,0,0.6,0,0.4,1.8,5.7,0,0,-6.8
JaVale McGee,DEN,33,4,1,3,8.5,2,0.8,2.5,30,0,0.5,0,0.5,1.5,33.3,0.8,2.3,3,0.8,0.3,0.3,1.3,1,11,0,0,2.5
Jeff Teague,MIL,33,16,10,6,7.5,2,0.6,1.9,29,0.3,0.7,45.5,0.6,0.7,81.8,0.1,0.4,0.5,0.8,0.4,0.2,0,0.6,4,0,0,-2.8
Kevin Knox II,NYK,21,1,0,1,3.5,2,0,0,0,0,0,0,2,2,100,0,1,1,1,0,0,1,0,7.7,0,0,9
Rondae Hollis-Jefferson,POR,26,5,1,4,7.1,2,0.8,1,80,0,0,0,0.4,0.6,66.7,0.6,1,1.6,0,0,0.2,0.2,1,5.1,0,0,-4
T.J. Leaf,POR,24,3,1,2,2.5,2,1,1.3,75,0,0,0,0,0,0,0.7,0.3,1,0,0,0,0,0,3.2,0,0,0
Ty-Shon Alexander,PHX,22,1,0,1,1.3,2,1,1,100,0,0,0,0,0,0,0,0,0,0,0,0,0,0,2,0,0,-1
Gabe Vincent,MIA,25,3,0,3,4.7,1.7,0.7,1,66.7,0.3,0.7,50,0,0,0,0,0.3,0.3,0.7,0.3,0,0,0,2.7,0,0,-0.7
Nassir Little,POR,21,3,1,2,3,1.7,0.3,1.3,25,0.3,1.3,25,0.7,1.3,50,0,0.3,0.3,0,0.3,0,0.3,0,2.7,0,0,-0.3
Alize Johnson,BKN,25,5,3,2,4.5,1.6,0.8,1.4,57.1,0,0,0,0,0,0,0.6,2,2.6,0,0.6,0.6,0,0.2,5.9,0,0,2.4
Ben McLemore,LAL,28,4,1,3,8.9,1.5,0.5,2.3,22.2,0.5,1.5,33.3,0,0,0,0.3,1.5,1.8,0.3,0.3,0.3,0,1.3,4.5,0,0,-2.5
Luke Kornet,BOS,25,2,0,2,2.7,1.5,0.5,0.5,100,0,0,0,0.5,1,50,0,1.5,1.5,0,0,0,0,0,3.3,0,0,0.5
Garrison Mathews,WAS,24,3,0,3,5.7,1.3,0,1.3,0,0,1.3,0,1.3,1.7,80,0,0.7,0.7,0,0,0,0,1.3,2.1,0,0,-1.7
Paul Reed,PHI,22,3,3,0,3.5,1.3,0.7,1.3,50,0,0,0,0,0,0,1,1.7,2.7,0,0,0,0.3,0.3,5.5,0,0,0
Tremont Waters,BOS,23,3,0,3,2,1.3,0.3,1.3,25,0,0.7,0,0.7,1,66.7,0,0,0,0.7,0.7,0.3,0,0,2.7,0,0,0.3
Elijah Bryant,MIL,26,11,7,4,4.5,1.3,0.6,1.8,35,0,0.7,0,0,0,0,0.2,0.9,1.1,0.4,0.2,0.2,0.1,0.1,3.8,0,0,-1.9
Axel Toupane,MIL,28,4,4,0,2.4,1.3,0.5,1,50,0.3,0.5,50,0,0,0,0.5,0.5,1,0,0,0,0,0,2.5,0,0,-1.3
Solomon Hill,ATL,30,14,7,7,10.4,1.2,0.4,1.7,25,0.2,1.3,16.7,0.1,0.3,50,0.2,1.1,1.4,0.2,0.1,0.1,0.1,1.3,3.7,0,0,-4.7
Justin Jackson,MIL,26,5,4,1,3,1.2,0.6,1,60,0,0.4,0,0,0,0,0.2,0.2,0.4,0.2,0.2,0.2,0,0,2.4,0,0,-1.4
Kris Dunn,ATL,27,5,2,3,6.6,1.2,0.2,1,20,0,0.2,0,0.8,0.8,100,0,1,1,1,0.8,0.4,0.4,1,5.5,0,0,1.8
Mike Scott,PHI,32,5,4,1,6.9,1.2,0.4,1.8,22.2,0.4,1.4,28.6,0,0,0,0.2,0.4,0.6,0.6,0,0.2,0.2,0.6,4,0,0,1.8
Skylar Mays,ATL,23,7,2,5,2.4,1.1,0.6,0.7,80,0,0,0,0,0,0,0,0.3,0.3,0.1,0.1,0.3,0,0.1,2.4,0,0,0
Timothe Luwawu-Cabarrot,BKN,26,7,5,2,3.5,1.1,0.4,1.4,30,0.3,0.9,33.3,0,0,0,0,0.4,0.4,0.3,0.1,0,0,0.1,1.9,0,0,1.7
Brandon Clarke,MEM,24,2,0,2,4.7,1,0.5,1,50,0,0,0,0,0,0,0,0.5,0.5,0,0,0,0.5,0,3.1,0,0,4
Bruno Fernando,ATL,22,6,1,5,1.9,1,0.3,0.5,66.7,0,0,0,0.3,0.3,100,0.2,0,0.2,0,0,0,0,0,1.2,0,0,1.2
Keljin Blevins,POR,25,2,1,1,1.9,1,0.5,1,50,0,0.5,0,0,0,0,0,0,0,0,0,0,0,0.5,1,0,0,-1
Langston Galloway,PHX,29,2,2,0,7.4,1,0.5,3.5,14.3,0,1,0,0,0.5,0,0,1,1,0.5,0,0,0.5,0.5,4.5,0,0,-2.5
Mamadi Diakite,MIL,24,7,5,2,5,1,0.3,1.4,20,0.1,0.3,50,0.3,0.3,100,0.1,0.9,1,0,0.1,0.4,0.1,1,3.8,0,0,-0.3
Rayjon Tucker,PHI,23,1,1,0,1.7,1,0,0,0,0,0,0,1,2,50,0,0,0,0,0,0,0,1,1,0,0,-2
Shaquille Harrison,DEN,27,9,4,5,4.5,1,0.3,0.4,75,0.1,0.1,100,0.2,0.3,66.7,0,0.9,0.9,0.3,0.6,0.3,0.3,0.3,4,0,0,0
Trent Forrest,UTA,23,4,1,3,2.4,1,0.5,1,50,0,0,0,0,0,0,0,0,0,0,0,0,0,0,1,0,0,-3
Jevon Carter,PHX,25,7,6,1,3.1,0.9,0.4,1.1,37.5,0,0.3,0,0,0.3,0,0,0.3,0.3,0.6,0,0,0,0,2.1,0,0,-1
Chris Chiozza,BKN,25,6,4,2,3.2,0.8,0.3,1.2,28.6,0.2,0.5,33.3,0,0,0,0,0.2,0.2,0.2,0.2,0.2,0,0.3,1.6,0,0,1.2
Jalen Smith,PHX,21,6,4,2,2.9,0.8,0.3,0.7,50,0.2,0.2,100,0,0,0,0.3,0.5,0.8,0.2,0.2,0,0,0.3,1.9,0,0,0
Abdel Nader,PHX,27,5,3,2,5.8,0.8,0.4,1.2,33.3,0,0.4,0,0,0,0,0,1,1,0,0,0,0,0.6,2,0,0,-3.8
Amir Coffey,LAC,24,10,9,1,1.6,0.7,0.3,0.4,75,0.1,0.1,100,0,0.1,0,0,0.2,0.2,0.1,0.1,0.1,0,0,1.3,0,0,-0.4
Thanasis Antetokounmpo,MIL,28,13,9,4,3.4,0.7,0.2,0.5,28.6,0,0,0,0.4,0.5,83.3,0.2,0.5,0.8,0.2,0.2,0.4,0.2,0.9,3.3,0,0,-1
Nathan Knight,ATL,23,6,2,4,2.3,0.7,0.3,1.2,28.6,0,0.3,0,0,0.3,0,0,1,1,0,0,0,0.3,0.3,2.9,0,0,-1.2
Xavier Tillman Sr.,MEM,22,3,1,2,5.9,0.7,0.3,1.7,20,0,0.3,0,0,0,0,0.3,0.7,1,0.3,0.3,0.3,0,0.7,3,0,0,-4.7
Daniel Oturu,LAC,21,8,7,1,1.9,0.6,0.3,0.6,40,0,0.1,0,0.1,0.3,50,0.3,0.3,0.5,0,0,0,0.1,0.3,1.6,0,0,-0.9
Sam Merrill,MIL,25,8,6,2,3.7,0.6,0.3,0.9,28.6,0.1,0.6,20,0,0,0,0.1,0.5,0.6,0.1,0.1,0.5,0,0.3,2.9,0,0,-1
Tony Snell,ATL,29,9,5,4,7.3,0.6,0.2,1.8,12.5,0.1,1.2,9.1,0,0,0,0,0.6,0.6,0.2,0.4,0.2,0.1,0.6,2.1,0,0,-4.3
Elfrid Payton,NYK,27,2,1,1,6.5,0.5,0,2.5,0,0,0,0,0.5,1,50,0,0,0,0.5,0,0.5,0,0.5,2.8,0,0,-4.5
Isaiah Joe,PHI,21,4,4,0,2.4,0.5,0.3,0.8,33.3,0,0.5,0,0,0,0,0,0,0,0.3,0,0,0,0.5,0.9,0,0,-1.5
Jarrell Brantley,UTA,25,2,1,1,1.7,0.5,0,0.5,0,0,0,0,0.5,1,50,0,0.5,0.5,0,0.5,0,0,0,0.6,0,0,-1.5
Semi Ojeleye,BOS,26,2,0,2,6,0.5,0,2,0,0,1.5,0,0.5,1,50,0,0,0,0,0,0.5,0.5,0,3.5,0,0,-2.5
Trey Burke,DAL,28,2,0,2,8.3,0.5,0,3.5,0,0,1.5,0,0.5,1,50,0.5,0,0.5,0.5,0,0,0,0.5,1.9,0,0,-9
Yogi Ferrell,LAC,28,9,8,1,1.6,0.4,0.2,0.6,40,0,0.1,0,0,0,0,0,0.3,0.3,0.3,0,0,0,0,1.3,0,0,-0.2
Alfonzo McKinnie,LAL,28,2,0,2,5.8,0,0,1.5,0,0,1,0,0,0,0,0,0.5,0.5,0,0,0,0,0.5,0.6,0,0,0
Anthony Gill,WAS,28,4,1,3,8.2,0,0,0.8,0,0,0.3,0,0,0,0,0.3,0.8,1,0,0.8,0,0,1.8,0.5,0,0,-4
Anthony Tolliver,PHI,36,1,1,0,1.7,0,0,0,0,0,0,0,0,0,0,0,0,0,0,0,0,0,1,0,0,0,0
Bol Bol,DEN,21,3,1,2,2,0,0,0.3,0,0,0.3,0,0,0,0,0,0.3,0.3,0.7,0,0,0,0,1.4,0,0,0
CJ Elleby,POR,21,2,1,1,4,0,0,0.5,0,0,0,0,0,0,0,0.5,1,1.5,0.5,0.5,0,0,0,2.1,0,0,0.5
Frank Ntilikina,NYK,22,3,0,3,1.2,0,0,0.3,0,0,0.3,0,0,0,0,0,0,0,0,0,0,0,0,0,0,0,0.3
Harry Giles III,POR,23,1,0,1,3.6,0,0,1,0,0,0,0,0,0,0,2,1,3,0,3,0,0,0,0.6,0,0,2
Isaac Bonga,WAS,21,4,1,3,2.4,0,0,1.3,0,0,0.8,0,0,0,0,0,0,0,0,0,0,0.3,0,0.8,0,0,0.5
Jared Dudley,LAL,35,2,0,2,2.5,0,0,0,0,0,0,0,0,0,0,0,0,0,0,0,0,0,0,0,0,0,-1
Jay Scrubb,LAC,20,6,5,1,1.3,0,0,0,0,0,0,0,0,0,0,0,0.2,0.2,0,0,0,0,0,0.2,0,0,-1.3
John Konchar,MEM,25,1,0,1,2.8,0,0,1,0,0,1,0,0,0,0,0,1,1,0,0,0,1,0,4.2,0,0,4
Josh Green,DAL,20,1,0,1,4.2,0,0,0,0,0,0,0,0,0,0,0,0,0,0,0,0,0,0,0,0,0,-1
Justise Winslow,MEM,25,1,0,1,2.8,0,0,0,0,0,0,0,0,0,0,0,1,1,1,0,0,0,0,2.7,0,0,4
Juwan Morgan,UTA,24,2,1,1,2.9,0,0,0,0,0,0,0,0,0,0,0.5,0.5,1,0.5,0,0,0,0.5,2,0,0,-4
KZ Okpala,MIA,22,2,0,2,2.9,0,0,0.5,0,0,0.5,0,0,0,0,0,0,0,0,0,0,0,0,0,0,0,0.5
Matt Thomas,UTA,26,3,1,2,2.3,0,0,0.7,0,0,0,0,0,0,0,0,0.3,0.3,0,0,0,0,0.3,0.4,0,0,-2.3
Max Strus,MIA,25,2,0,2,2.9,0,0,0.5,0,0,0,0,0,0,0,0,0,0,0,0,0,0,0,0,0,0,0.5
Miye Oni,UTA,23,8,4,4,5.2,0,0,0.6,0,0,0.6,0,0,0,0,0.4,0,0.4,0,0,0.1,0,1,0.8,0,0,-1.9
Nicolo Melli,DAL,30,3,2,1,6.4,0,0,1.3,0,0,0.7,0,0,0,0,0.7,1.3,2,0,0,0.3,0,1,3.4,0,0,-5.7
Tacko Fall,BOS,25,1,0,1,0.9,0,0,0,0,0,0,0,0,0,0,0,1,1,0,0,0,0,0,1.2,0,0,1
Udoka Azubuike,UTA,21,1,0,1,1.2,0,0,0,0,0,0,0,0,0,0,0,1,1,0,0,0,0,0,1.2,0,0,1
